{
  "ds": [
    0.6,
    0.65,
    0.7000000000000001,
    0.7500000000000001,
    0.8000000000000002,
    0.8500000000000002,
    0.9000000000000002,
    0.9500000000000003,
    1.0000000000000004,
    1.0500000000000003,
    1.1000000000000005,
    1.1500000000000004,
    1.2000000000000006,
    1.2500000000000004,
    1.3000000000000007,
    1.3500000000000005,
    1.4000000000000008,
    1.4500000000000006,
    1.5000000000000009,
    1.5500000000000007,
    1.600000000000001,
    1.6500000000000008,
    1.700000000000001,
    1.7500000000000009,
    1.8000000000000012,
    1.850000000000001,
    1.9000000000000012,
    1.950000000000001,
    2.0000000000000013,
    2.050000000000001,
    2.1000000000000014,
    2.1500000000000012,
    2.2000000000000015,
    2.2500000000000013,
    2.3000000000000016,
    2.3500000000000014,
    2.4000000000000017,
    2.4500000000000015,
    2.5000000000000018
  ],
  "n80": [
    45,
    39,
    34,
    29,
    26,
    23,
    21,
    19,
    17,
    16,
    15,
    13,
    12,
    12,
    11,
    10,
    10,
    9,
    9,
    8,
    8,
    7,
    7,
    7,
    6,
    6,
    6,
    6,
    6,
    5,
    5,
    5,
    5,
    5,
    5,
    5,
    4,
    4,
    4
  ],
  "n90": [
    60,
    51,
    44,
    39,
    34,
    31,
    27,
    25,
    23,
    21,
    19,
    17,
    16,
    15,
    14,
    13,
    12,
    12,
    11,
    10,
    10,
    9,
    9,
    8,
    8,
    8,
    7,
    7,
    7,
    7,
    6,
    6,
    6,
    6,
    6,
    5,
    5,
    5,
    5
  ],
  "summary": {
    "d_expected": 1.25,
    "n_per_group_80%": 12,
    "n_per_group_90%": 15,
    "d_conservative": 0.67,
    "n_per_group_80%_conservative": 37
  },
  "reported_effects": {
    "Sprenger 2025 (mouse) peak running speed": 0.28,
    "Sprenger 2025 (mouse) distance/h": 0.19,
    "Sprenger 2025 (mouse) cumulative distance": 0.14,
    "Petrovic 2025 (aged rat) time-to-exhaustion": 1.0,
    "Petrovic 2025 (aged rat) distance-to-exhaustion": 1.0,
    "Fovet 2022 (mouse, verified full text) time-to-exhaustion": 0.41
  },
  "_note": "Effect sizes: Sprenger & Petrovic values from the two provided papers (full text). Fovet 2022 (+41.22%, DOI 10.3389/fphys.2022.834597) verified via fetched full text. Power calc uses pct_effect=0.15, cv=0.12 (d=1.25) independent of these context values."
}