{
 "baseline": {
  "N": 17,
  "AB": [
   8,
   1
  ],
  "C": [
   0,
   8
  ],
  "fisher_p": 0.00037021801727684083,
  "loo_acc": 0.9411764705882353,
  "perm_p": 0.0004,
  "null_mean_acc": 0.43044411764705875
 },
 "drop_aspirin": {
  "N": 16,
  "AB": [
   7,
   1
  ],
  "C": [
   0,
   8
  ],
  "fisher_p": 0.0006993006993006993,
  "loo_acc": 0.9375,
  "perm_p": 0.00135,
  "null_mean_acc": 0.43706875
 },
 "aspirin_negative": {
  "N": 17,
  "AB": [
   7,
   2
  ],
  "C": [
   0,
   8
  ],
  "fisher_p": 0.0018510900863842042,
  "loo_acc": 0.8823529411764706,
  "perm_p": 0.0023,
  "null_mean_acc": 0.4959382352941177
 }
}