{
 "table_AB_vs_C": [
  [
   8,
   1
  ],
  [
   0,
   8
  ]
 ],
 "fisher_or": Infinity,
 "fisher_p": 0.00037021801727684083,
 "perm_p": 0.0004,
 "loo_acc": 0.9411764705882353,
 "loo_perm_p": 0.0004,
 "class_counts": {
  "A": [
   1,
   6
  ],
  "B": [
   0,
   2
  ],
  "C": [
   8,
   0
  ]
 }
}