{
 "indiv_MRDT": 8.004009013394288,
 "cohort_slope_young": 0.1140747239797845,
 "cohort_MRDT": 6.076255601396675,
 "cohort_slope_old": -0.0021973934023942292,
 "plateau_pct": -1.926275449751371,
 "flat_slope": 0.003102041722115482,
 "flat_pct": 2.7193067963637616
}